id,test,question,answer,category,answer_hindi,answer_marathi
1,0,What if I need to know my correct CGPA?,CGPA is seen on the grade card. The CGPA count can be verified by referring to the passing    criteria    mentioned    in    Exam    Ordinance    2020(https://mitwpu.edu.in/examination/images/documents/Examination Ordinances 2020.pdf),grade card,ग्रेड कार्ड पर सीजीपीए लिखा होता है। परीक्षा अध्यादेश 2020 (https://mitwpu.edu.in/examination/images/documents/Examination Ordinances 2020pdf) में उल्लिखित उत्तीर्ण मानदंडों का हवाला देकर सीजीपीए गणना को सत्यापित किया जा सकता है।,ग्रेड कार्डवर CGPA दिसतो. परीक्षा अध्यादेश 2020 (https://mitwpu.edu.in/examination/images/documents/Examination Ordinances 2020.pdf) मध्ये नमूद केलेल्या उत्तीर्ण निकषांचा संदर्भ देऊन CGPA संख्या सत्यापित केली जाऊ शकते.
2,1,I have cleared my backlog but the result sheet does not show GPA and CGPA. Why?," GPA and CGPA are not mentioned on backlog grade cards. GPA, CGPA will be highlighted on regular trimester grade card only.",grade card,"बैकलॉग ग्रेड कार्ड पर जीपीए और सीजीपीए का उल्लेख नहीं है। जीपीए, सीजीपीए को केवल नियमित तिमाही ग्रेड कार्ड पर ही हाइलाइट किया जाएगा।","बॅकलॉग ग्रेड कार्डवर GPA आणि CGPA नमूद केलेले नाहीत. GPA, CGPA फक्त नियमित त्रैमासिक ग्रेड कार्डवर हायलाइट केले जातील."
3,2,"I have cleared my backlog, but the result on ERP is not updated .It still shows earlier CGPA.As a result, it is affecting my CGPA of next trimesters also. How do I get it corrected?"," Grade card shows first attempt GPA and CGPA only. Hence, even if you have cleared backlog, improved CGPA for that trimester will not be seen on grade card.",grade card,"ग्रेड कार्ड केवल पहला प्रयास GPA और CGPA दिखाता है। इसलिए, भले ही आपने बैकलॉग क्लियर कर दिया हो, उस तिमाही के लिए बेहतर सीजीपीए ग्रेड कार्ड पर नहीं देखा जाएगा।","ग्रेड कार्ड प्रथम प्रयत्न GPA आणि CGPA दर्शविते. त्यामुळे, तुम्ही अनुशेष साफ केला असला तरीही, त्या तिमाहीसाठी सुधारित CGPA ग्रेड कार्डवर दिसणार नाही."
4,3,What do I do if I have not received my grade card?,Grade cards should be collected from the student section of your Department. If your grade card is not available at the student section then you must fill the student assistance form (https://mitwpu.edu.in/imaqes/documents/Student-Assistant-Form.pdf)  at  Department of Examination and get the remark from the student section on it and submit to Examination Department.Corrections on grade card /PDC,grade card,ग्रेड कार्ड आपके विभाग के छात्र अनुभाग से एकत्र किए जाने चाहिए। यदि आपका ग्रेड कार्ड छात्र अनुभाग में उपलब्ध नहीं है तो आपको परीक्षा विभाग में छात्र सहायता फॉर्म (https://mitwpu.edu.in/imaqes/documents/Student-Assistant-Form.pdf) भरना होगा और टिप्पणी प्राप्त करनी होगी। उस पर छात्र अनुभाग से और परीक्षा विभाग को जमा करें। ग्रेड कार्ड / पीडीसी में सुधार,तुमच्या विभागातील विद्यार्थी विभागाकडून ग्रेड कार्ड गोळा केले जावेत. जर तुमचे ग्रेड कार्ड विद्यार्थी विभागात उपलब्ध नसेल तर तुम्ही परीक्षा विभागातील विद्यार्थी सहाय्यता फॉर्म (https://mitwpu.edu.in/imaqes/documents/Student-Assistant-Form.pdf) भरा आणि शेरा मिळवा. त्यावरील विद्यार्थी विभागातून आणि परीक्षा विभागाकडे सबमिट करा. ग्रेड कार्ड/पीडीसीवरील सुधारणा
5,4,My name/Father's Name/Mother's name is incorrect on grade card. How do I get it corrected?," Name correction on grade cards/PDC needs to be done in ERP at the office of student section of your Department. Kindly contact the office of student section for the making the required corrections in ERP. Moreover, student must check his/her personal details from time to time in their ERP login.",Corrections on grade card /PDC,"आपके विभाग के छात्र अनुभाग के कार्यालय में ईआरपी में ग्रेड कार्ड/पीडीसी पर नाम सुधार करने की आवश्यकता है। ईआरपी में आवश्यक सुधार करने के लिए कृपया छात्र अनुभाग के कार्यालय से संपर्क करें। इसके अलावा, छात्र को अपने ईआरपी लॉगिन में समय-समय पर अपने व्यक्तिगत विवरण की जांच करनी चाहिए।","तुमच्या विभागाच्या विद्यार्थी विभागाच्या कार्यालयात ERP मध्ये ग्रेड कार्ड/PDC वर नाव दुरुस्ती करणे आवश्यक आहे. ERP मध्ये आवश्यक दुरुस्त्या करण्यासाठी कृपया विद्यार्थी विभागाच्या कार्यालयाशी संपर्क साधा. शिवाय, विद्यार्थ्याने त्यांच्या ईआरपी लॉगिनमध्ये वेळोवेळी त्याचे वैयक्तिक तपशील तपासले पाहिजेत."
6,5,How can I get a new copy of corrected grade cards?," Once the required corrections are done in ERP, You can apply for corrected grade cards by    filling    and    sending    the    student    assistance    form (https://mitwpu.edu.in/imaoes/documents/Student-Assistant-Form.pdf)  having  verification remark from student section along with scan copies of grade cards and screenshot of grade card in ERP that reflects the required corrections to exam.helpdesk@mitwpu.edu.in. In the assistant form, clearly mention details of grade cards in which corrections are required (i.eTrimester no., Regular/Backlog, Month & Year).Submit the original grade cards at Department for Examination.",Corrections on grade card /PDC,"एक बार ईआरपी में आवश्यक सुधार किए जाने के बाद, आप सत्यापन टिप्पणी वाले छात्र सहायता फॉर्म (https://mitwpu.edu.in/imaoes/documents/Student-Assistant-Form.pdf) भरकर और भेजकर सही ग्रेड कार्ड के लिए आवेदन कर सकते हैं। ईआरपी में ग्रेड कार्ड की स्कैन प्रतियों और ग्रेड कार्ड के स्क्रीनशॉट के साथ छात्र अनुभाग से जो आवश्यक सुधारों को दर्शाता है exam.helpdesk@mitwpu.edu.in। सहायक फॉर्म में, उन ग्रेड कार्डों के विवरण का स्पष्ट रूप से उल्लेख करें जिनमें सुधार की आवश्यकता है (यानी तिमाही संख्या, नियमित / बैकलॉग, महीना और वर्ष)। परीक्षा विभाग में मूल ग्रेड कार्ड जमा करें।","एकदा ERP मध्ये आवश्यक दुरुस्त्या केल्या गेल्या की, तुम्ही विद्यार्थी सहाय्यता फॉर्म (https://mitwpu.edu.in/imaoes/documents/Student-Assistant-Form.pdf) भरून आणि सत्यापन टिप्पणीसह पाठवून दुरुस्त केलेल्या ग्रेड कार्डसाठी अर्ज करू शकता. परीक्षा.helpdesk@mitwpu.edu.in वर आवश्यक सुधारणा दर्शविणाऱ्या ग्रेड कार्डच्या स्कॅन प्रती आणि ERP मधील ग्रेड कार्डच्या स्क्रीनशॉटसह विद्यार्थी विभागातून. सहाय्यक फॉर्ममध्ये, ग्रेड कार्ड्सचा तपशील स्पष्टपणे नमूद करा ज्यामध्ये सुधारणा आवश्यक आहेत (i.Trimester क्र., नियमित/बॅकलॉग, महिना आणि वर्ष).परीक्षेसाठी विभाग येथे मूळ ग्रेड कार्ड सबमिट करा."
7,6,From where should I collect the corrected grade cards/PDC?,You have to collect the corrected grade cards/PDC from Department of Examination.,Corrections on grade card /PDC,आपको परीक्षा विभाग से संशोधित ग्रेड कार्ड/पीडीसी प्राप्त करना होगा।,तुम्हाला परीक्षा विभागाकडून दुरुस्त केलेले ग्रेड कार्ड/पीडीसी गोळा करावे लागतील.
8,7,In how many days will I get the corrected grade cards?,Processing of correction on grade cards will take minimum 4 working days after you submit all the required documents at the Department of Examination.Exam Form Issues,Corrections on grade card /PDC,परीक्षा विभाग में सभी आवश्यक दस्तावेज जमा करने के बाद ग्रेड कार्ड में सुधार की प्रक्रिया में न्यूनतम 4 कार्य दिवस लगेंगे। परीक्षा फॉर्म मुद्दे,तुम्ही परीक्षा विभागात सर्व आवश्यक कागदपत्रे सबमिट केल्यानंतर ग्रेड कार्डवरील दुरुस्तीच्या प्रक्रियेस किमान 4 कामकाजाचे दिवस लागतील. परीक्षा फॉर्म समस्या
9,8,Do I need to submit an Exam form for the end term exam?," Yes, it is necessary to fill exam form for every end term exam.",Exam Form Issues,"हां, प्रत्येक अंतिम अवधि की परीक्षा के लिए परीक्षा फॉर्म भरना आवश्यक है।","होय, प्रत्येक अंतिम मुदतीच्या परीक्षेसाठी परीक्षा फॉर्म भरणे आवश्यक आहे."
10,9,"I have an internal backlog, do I need to submit an exam form?"," Yes, it is necessary to fill exam form for internal backlog also.",Exam Form Issues,"हां, आंतरिक बैकलॉग के लिए भी परीक्षा फॉर्म भरना आवश्यक है।","होय, अंतर्गत अनुशेषासाठी देखील परीक्षा फॉर्म भरणे आवश्यक आहे."
11,10,"I have paid all my outstanding fees, do I still have to submit the exam form?",You are required to submit an exam form. There is no connection between outstanding fees and an exam form.,Exam Form Issues,आपको एक परीक्षा फॉर्म जमा करना होगा। बकाया शुल्क और परीक्षा फॉर्म के बीच कोई संबंध नहीं है।,तुम्हाला परीक्षा फॉर्म सबमिट करणे आवश्यक आहे. थकबाकी शुल्क आणि परीक्षा फॉर्म यांच्यात कोणताही संबंध नाही.
12,11,How can I know whether I have an internal backlog or external backlog?," After you fill and submit the exam form, you should download the PDF of your application which shows you the details of subjects you applied for, as well as, whether you have to appear for internal or external or both for the mentioned subjects.",Exam Form Issues,"परीक्षा फॉर्म भरने और जमा करने के बाद, आपको अपने आवेदन का पीडीएफ डाउनलोड करना चाहिए जो आपको उन विषयों का विवरण दिखाता है जिनके लिए आपने आवेदन किया था, साथ ही, चाहे आपको आंतरिक या बाहरी या दोनों उल्लिखित विषयों के लिए उपस्थित होना है।","तुम्ही परीक्षेचा फॉर्म भरल्यानंतर आणि सबमिट केल्यानंतर, तुम्ही तुमच्या अर्जाची PDF डाउनलोड करावी जी तुम्हाला तुम्ही ज्या विषयांसाठी अर्ज केला आहे, तसेच तुम्हाला अंतर्गत किंवा बाह्य किंवा दोन्ही नमूद केलेल्या विषयांसाठी हजर राहायचे आहे की नाही हे दाखवते."
13,12,What if I was unable to fill the exam form in time?," It is mandatory to fill the exam form within the stipulated time only. Under any circumstances, you will not be allowed to fill exam form after the date for exam form filling is over.",Exam Form Issues,निर्धारित समय के भीतर ही परीक्षा फॉर्म भरना अनिवार्य है। किसी भी परिस्थिति में परीक्षा फॉर्म भरने की तिथि समाप्त होने के बाद आपको परीक्षा फॉर्म भरने की अनुमति नहीं दी जाएगी।,"परीक्षेचा फॉर्म निर्धारित वेळेतच भरणे बंधनकारक आहे. कोणत्याही परिस्थितीत, परीक्षा फॉर्म भरण्याची तारीख संपल्यानंतर तुम्हाला परीक्षा फॉर्म भरण्याची परवानगी दिली जाणार नाही."
14,13,Do I have to pay exam fees for regular and backlog separately?, No Regular and Backlog fees have to be paid together.Examination related queries (Applicable for Offline End Term Exam),Exam Form Issues,कोई नियमित और बैकलॉग शुल्क एक साथ भुगतान करने की आवश्यकता नहीं है। परीक्षा संबंधी प्रश्न (ऑफ़लाइन समाप्ति परीक्षा के लिए लागू),कोणतेही नियमित आणि अनुशेष शुल्क एकत्र भरावे लागणार नाही. परीक्षेशी संबंधित प्रश्न (ऑफलाइन अंतिम मुदतीच्या परीक्षेसाठी लागू)
15,14,How to fill an Examination form?," Select Exam, Course Year and Click on Show. Submit the application and take printout of your exam application form. Submit the print along with complete exam fees (regular + backlog as applicable) to student section. Save the receipt.",Examination related queries (Applicable for Offline End Term Exam),"परीक्षा, पाठ्यक्रम वर्ष का चयन करें और शो पर क्लिक करें। आवेदन जमा करें और अपने परीक्षा आवेदन पत्र का प्रिंटआउट लें। छात्र अनुभाग को पूर्ण परीक्षा शुल्क (नियमित + बैकलॉग जैसा लागू हो) के साथ प्रिंट जमा करें। रसीद सहेजें।","परीक्षा, अभ्यासक्रम वर्ष निवडा आणि शो वर क्लिक करा. अर्ज सबमिट करा आणि तुमच्या परीक्षा अर्जाची प्रिंटआउट घ्या. विद्यार्थी विभागात संपूर्ण परीक्षा शुल्कासह (नियमित + अनुशेष लागू) प्रिंटसह सबमिट करा. पावती जतन करा."
16,15,I have not got my hall ticket. What should I do?,Probable reasons1) Student has not filled exam form.2) Subject Mapping might not be done from Institute.3) Any other technical error.Contact Department of Examination for clarification.,Examination related queries (Applicable for Offline End Term Exam),संभावित कारण 1) छात्र ने परीक्षा फॉर्म नहीं भरा है। 2) विषय मानचित्रण संस्थान से नहीं किया जा सकता है। 3) कोई अन्य तकनीकी त्रुटि। स्पष्टीकरण के लिए परीक्षा विभाग से संपर्क करें।,संभाव्य कारणे 1) विद्यार्थ्याने परीक्षेचा फॉर्म भरला नाही. 2) विषयाचे मॅपिंग संस्थेकडून केले जाऊ शकत नाही. 3) इतर कोणत्याही तांत्रिक त्रुटी. स्पष्टीकरणासाठी परीक्षा विभागाशी संपर्क साधा.
17,16,I have lost my hall ticket. What is the process for obtaining a duplicate hall ticket ?,Fill the student assistance form and pay fine at Exam Department.,Examination related queries (Applicable for Offline End Term Exam),छात्र सहायता फॉर्म भरें और परीक्षा विभाग में जुर्माना अदा करें।,विद्यार्थी सहाय्य फॉर्म भरा आणि परीक्षा विभागात दंड भरा.
18,17,My photograph is not seen on hall ticket. What do I need to do?,Paste I-Card size photograph on hall ticket and get it duly attested from Department of Examination.,Examination related queries (Applicable for Offline End Term Exam),हॉल टिकट पर आई-कार्ड साइज फोटो चिपकाएं और इसे परीक्षा विभाग से विधिवत सत्यापित करवाएं।,हॉल तिकिटावर आय-कार्ड आकाराचे छायाचित्र चिकटवा आणि ते परीक्षा विभागाकडून प्रमाणित करून घ्या.
19,18,"The course for which I have to appear for, is not seen in the hall ticket. Please tell what should be doneâ€",Contact Examination Department for clarification.Result related queries,Examination related queries (Applicable for Offline End Term Exam),स्पष्टीकरण के लिए परीक्षा विभाग से संपर्क करें। परिणाम संबंधी प्रश्न,स्पष्टीकरणासाठी परीक्षा विभागाशी संपर्क साधा. निकाल संबंधित प्रश्न
20,19,My result is not visible on ERP. It says Result is withheld. Contact Examination Department. What is the reason?," This message occurs because your result is withheld due to non-submission of eligibility documents, outstanding fees, etc. You need to contact student section for further clarification.",Result related queries,"यह संदेश इसलिए आता है क्योंकि पात्रता दस्तावेज, बकाया शुल्क आदि जमा न करने के कारण आपका परिणाम रोक दिया गया है। आपको अधिक स्पष्टीकरण के लिए छात्र अनुभाग से संपर्क करने की आवश्यकता है।","हा मेसेज येतो कारण तुमचा निकाल पात्रता दस्तऐवज, थकबाकी फी इत्यादी सादर न केल्यामुळे रोखला गेला आहे. तुम्हाला पुढील स्पष्टीकरणासाठी विद्यार्थी विभागाशी संपर्क साधण्याची आवश्यकता आहे."
21,20,"I have paid my instalment. Yet, why is my result withheld?",Your result may be withheld for any administrative issue. Contact student section for clarification.,Result related queries,किसी भी प्रशासनिक मुद्दे के लिए आपका परिणाम रोका जा सकता है। स्पष्टीकरण के लिए छात्र अनुभाग से संपर्क करें।,तुमचा निकाल कोणत्याही प्रशासकीय समस्येसाठी रोखला जाऊ शकतो. स्पष्टीकरणासाठी विद्यार्थी विभागाशी संपर्क साधा.
22,21,When will I get my result in ERP?,Your result will be seen in ERP only after a release order is received from the student section.,Result related queries,छात्र अनुभाग से जारी आदेश प्राप्त होने के बाद ही आपका परिणाम ईआरपी में देखा जाएगा।,विद्यार्थी विभागाकडून रिलीझ ऑर्डर मिळाल्यानंतरच तुमचा निकाल ERP मध्ये दिसेल.
23,22,I received my result and have been given Grade F in a subject. How can I know the external marks obtained in the subject?,Mail your query to exam.helpdesk@mitwpu.edu.in and attach screenshot of result.,Result related queries,अपनी क्वेरी exam.helpdesk@mitwpu.edu.in पर मेल करें और परिणाम का स्क्रीनशॉट संलग्न करें।,तुमची क्वेरी exam.helpdesk@mitwpu.edu.in वर मेल करा आणि निकालाचा स्क्रीनशॉट संलग्न करा.
24,23,I want to give my paper for re-checking/revaluation. What is the procedure?,There is no rechecking/revaluation for online exams.,Rechecking and Revaluation (Applicable for Offline End-Term Exams),ऑनलाइन परीक्षा के लिए कोई रीचेकिंग / पुनर्मूल्यांकन नहीं है।,ऑनलाइन परीक्षांसाठी कोणतेही पुनर्तपासणी/पुनर्मूल्यांकन नाही.
25,24,How can I know my internal and external marks obtained in a particular subject?," Mail your query details to exam.helpdesk@mitwpu.edu.in for knowing the external marks in the mentioned subject. For your internal marks, contact subject teacher.Rechecking and Revaluation (Applicable for Offline End-Term Exams)",Result related queries,"उल्लिखित विषय में बाहरी अंक जानने के लिए अपना प्रश्न विवरण exam.helpdesk@mitwpu.edu.in पर मेल करें। अपने आंतरिक अंकों के लिए, विषय शिक्षक से संपर्क करें। पुन: जाँच और पुनर्मूल्यांकन (ऑफ़लाइन समाप्ति परीक्षा के लिए लागू)","नमूद केलेल्या विषयातील बाह्य गुण जाणून घेण्यासाठी तुमची क्वेरी तपशील exam.helpdesk@mitwpu.edu.in वर मेल करा. तुमच्या अंतर्गत गुणांसाठी, विषय शिक्षकांशी संपर्क साधा. पुनर्तपासणी आणि पुनर्मूल्यांकन (ऑफलाइन अंतिम मुदतीच्या परीक्षांसाठी लागू)"
26,25,What is the procedure to obtain a photocopy of answer booklet?,Pay the required fee at Department of Examination and fill student assistance form. Photocopy will be made available within two days when revaluation dates are declared.,Rechecking and Revaluation (Applicable for Offline End-Term Exams),परीक्षा विभाग में आवश्यक शुल्क का भुगतान करें और छात्र सहायता फॉर्म भरें। पुनर्मूल्यांकन की तारीख घोषित होने के दो दिनों के भीतर फोटोकॉपी उपलब्ध करा दी जाएगी।,परीक्षा विभागात आवश्यक शुल्क भरा आणि विद्यार्थी सहाय्य फॉर्म भरा. पुनर्मूल्यांकनाच्या तारखा घोषित केल्यावर दोन दिवसांत फोटोकॉपी उपलब्ध करून दिली जाईल.
27,26,What is the process of revaluation ? How to upload the form and pay fees?," In student module, Click on University examination. Select application form and enter necessary information. Take printout of your application form and payment done and submit it to student section.",Rechecking and Revaluation (Applicable for Offline End-Term Exams),"छात्र मॉड्यूल में, विश्वविद्यालय परीक्षा पर क्लिक करें। आवेदन पत्र का चयन करें और आवश्यक जानकारी दर्ज करें। अपने आवेदन पत्र और भुगतान का प्रिंटआउट लें और इसे छात्र अनुभाग में जमा करें।","विद्यार्थी मॉड्यूलमध्ये, विद्यापीठ परीक्षेवर क्लिक करा. अर्ज निवडा आणि आवश्यक माहिती प्रविष्ट करा. तुमच्या अर्जाची प्रिंटआउट घ्या आणि पेमेंट पूर्ण करा आणि ते विद्यार्थी विभागात सबमिट करा."
28,27,How to apply for revaluation and retotalling?," In student module, select University Examination, click on application, Mention exam typeand exam.",Rechecking and Revaluation (Applicable for Offline End-Term Exams),"छात्र मॉड्यूल में, विश्वविद्यालय परीक्षा का चयन करें, आवेदन पर क्लिक करें, परीक्षा के प्रकार और परीक्षा का उल्लेख करें।","विद्यार्थी मॉड्यूलमध्ये, विद्यापीठ परीक्षा निवडा, अर्जावर क्लिक करा, परीक्षेचा प्रकार आणि परीक्षेचा उल्लेख करा."
29,28,Where should I submit the revaluation fee?,Fees to be paid online in ERP.,Rechecking and Revaluation (Applicable for Offline End-Term Exams),फीस का भुगतान ईआरपी में ऑनलाइन करना होगा।,शुल्क ईआरपीमध्ये ऑनलाइन भरावे लागेल.
30,29,When will the revaluation results be declared?,Revaluation result will be declared after 12 Days from application of revaluation.,Rechecking and Revaluation (Applicable for Offline End-Term Exams),पुनर्मूल्यांकन के आवेदन के 12 दिनों के बाद पुनर्मूल्यांकन परिणाम घोषित किया जाएगा।,पुनर्मूल्यांकनाचा निकाल पुनर्मूल्यांकन अर्ज केल्यापासून १२ दिवसांनी घोषित केला जाईल.
31,30,"I have already paid the revaluation fees. But in ERP, it is seen as outstanding. What is the reason?",The amount must have been deducted against any other outstanding fee. Contact student section for clarification.,Rechecking and Revaluation (Applicable for Offline End-Term Exams),किसी अन्य बकाया शुल्क के खिलाफ राशि काटा जाना चाहिए। स्पष्टीकरण के लिए छात्र अनुभाग से संपर्क करें।,ही रक्कम इतर कोणत्याही थकबाकी शुल्कापोटी कापली गेली असावी. स्पष्टीकरणासाठी विद्यार्थी विभागाशी संपर्क साधा.
32,31,I have to apply for revaluation but subject is not seen in re-evaluation list. What could be the reason?," Either the student was absent for that particular subject or result is withheld from student section, hence subject shall not be seen in the revaluation list.",Rechecking and Revaluation (Applicable for Offline End-Term Exams),"या तो छात्र उस विशेष विषय के लिए अनुपस्थित था या छात्र अनुभाग से परिणाम रोक दिया गया है, इसलिए विषय पुनर्मूल्यांकन सूची में नहीं देखा जाएगा।","एकतर विद्यार्थी त्या विशिष्ट विषयासाठी गैरहजर होता किंवा निकाल विद्यार्थी विभागातून रोखला गेला आहे, त्यामुळे पुनर्मूल्यांकन यादीमध्ये विषय पाहिला जाणार नाही."
33,32,Why is it that the payment done for revaluation not being reflected on my ERP payment section?,Contact student section for clarification,Rechecking and Revaluation (Applicable for Offline End-Term Exams),स्पष्टीकरण के लिए छात्र अनुभाग से संपर्क करें,स्पष्टीकरणासाठी विद्यार्थी विभागाशी संपर्क साधा
34,33,How do I apply for Provisional Degree Certificate?,You don't have to apply separately for a Provisional Degree Certificate. It will be issued after you have successfully completed your course.,Provisional Degree Certificate,आपको अनंतिम डिग्री प्रमाणपत्र के लिए अलग से आवेदन करने की आवश्यकता नहीं है। यह आपके द्वारा सफलतापूर्वक अपना पाठ्यक्रम पूरा करने के बाद जारी किया जाएगा।,तात्पुरत्या पदवी प्रमाणपत्रासाठी तुम्हाला स्वतंत्रपणे अर्ज करण्याची गरज नाही. तुम्ही तुमचा अभ्यासक्रम यशस्वीपणे पूर्ण केल्यानंतर ते जारी केले जाईल.
35,34,From where and when should I collect the Provisional Degree Certificate?,Provisional Degree Certificate will be given from the student section after 15 days from date of declaration of your final trimester result.Duplicate Grade Card,Provisional Degree Certificate,आपके अंतिम तिमाही परिणाम की घोषणा की तारीख से 15 दिनों के बाद छात्र वर्ग से अनंतिम डिग्री प्रमाणपत्र दिया जाएगा। डुप्लीकेट ग्रेड कार्ड,तात्पुरती पदवी प्रमाणपत्र तुमचा अंतिम त्रैमासिक निकाल जाहीर झाल्यापासून १५ दिवसांनी विद्यार्थी विभागाकडून दिला जाईल. डुप्लिकेट ग्रेड कार्ड
36,35,I have lost my grade card? Can I get another copy of grade card?," Grade card is issued only once. In case, you have lost your grade card, you can apply for a duplicate grade card only.",Duplicate Grade Card,"ग्रेड कार्ड केवल एक बार जारी किया जाता है। यदि आपने अपना ग्रेड कार्ड खो दिया है, तो आप केवल डुप्लीकेट ग्रेड कार्ड के लिए आवेदन कर सकते हैं।",ग्रेड कार्ड एकदाच दिले जाते. जर तुमचे ग्रेड कार्ड हरवले असेल तर तुम्ही फक्त डुप्लिकेट ग्रेड कार्डसाठी अर्ज करू शकता.
37,36,How do I apply for a duplicate grade card?," You have to fill and submit application form for issuing of duplicate grade card which is available on the website(https://mitwpu.edu.in/images/documents/Application-for-Issue-of- Duplicate-Grade-Card.pdf) along with the necessary documents mentioned in the form, in original, as well as the receipt of payment.",Duplicate Grade Card,"आपको वेबसाइट पर उपलब्ध डुप्लीकेट ग्रेड कार्ड जारी करने के लिए आवेदन पत्र भरना और जमा करना होगा (https://mitwpu.edu.in/images/documents/Application-for-Issue-of- Duplicate-Grade-Card.pdf ) फॉर्म में उल्लिखित आवश्यक दस्तावेजों के साथ, मूल रूप में, साथ ही भुगतान की रसीद।","तुम्हाला डुप्लिकेट ग्रेड कार्ड जारी करण्यासाठी अर्ज भरावा लागेल आणि सबमिट करावा लागेल जो वेबसाइटवर उपलब्ध आहे (https://mitwpu.edu.in/images/documents/Application-for-Issue-of- Duplicate-Grade-Card.pdf ) फॉर्ममध्ये नमूद केलेल्या आवश्यक कागदपत्रांसह, मूळ, तसेच देयक पावती."
38,37,What documents are required while applying for the duplicate grade card?," FIR copy, Affidavit on Rs.100/- stamp paper giving details and receipt of fee for duplicategrade card.",Duplicate Grade Card,"एफआईआर की प्रति, 100/- रुपये के स्टांप पेपर पर शपथ पत्र जिसमें डुप्लीकेट ग्रेड कार्ड के लिए विवरण और शुल्क की रसीद दी गई है।","एफआयआर प्रत, प्रतिज्ञापत्र रु. 100/- स्टॅम्प पेपरवर तपशील आणि डुप्लिकेटग्रेड कार्डसाठी शुल्काची पावती."
39,38,What are the charges for obtaining a duplicate grade card?,Fee of Rs.500/- + Rs. 100/- per trimester grade card.,Duplicate Grade Card,500/- का शुल्क + रु. 100/- प्रति तिमाही ग्रेड कार्ड।,फी रु. ५००/- + रु. 100/- प्रति तिमाही ग्रेड कार्ड.
40,39,What is the mode of payment for Duplicate grade card?,You  must  pay  online.  Payment  details  are  mentioned  on  website (https://mitwpu.edu.in/examination).   Send   the   screenshot   of   payment   to exam.helpdesk@mitwpu.edu.in.,Duplicate Grade Card,आपको ऑनलाइन भुगतान करना होगा। भुगतान विवरण वेबसाइट (https://mitwpu.edu.in/examination) पर उल्लिखित हैं। भुगतान का स्क्रीनशॉट exam.helpdesk@mitwpu.edu.in पर भेजें।,तुम्हाला ऑनलाइन पेमेंट करावे लागेल. पेमेंट तपशील वेबसाइटवर नमूद केले आहेत (https://mitwpu.edu.in/examination). पेमेंटचा स्क्रीनशॉट exam.helpdesk@mitwpu.edu.in वर पाठवा.
41,40,When and how will I receive the duplicate grade card?,You will have to collect it from Department of Examination after 15 days of application.,Duplicate Grade Card,आवेदन के 15 दिन बाद आपको इसे परीक्षा विभाग से लेना होगा।,अर्ज केल्यानंतर १५ दिवसांनी तुम्हाला ते परीक्षा विभागाकडून गोळा करावे लागेल.
42,41,"If I find the original document after I obtain the duplicate, can I use the originalone?"," Once you have obtained a duplicate in place of a lost document, always use the duplicate document. If the original document is found, return it to WPU. Do not use thefound original document after it has been replaced by a duplicate because of the following reasons:1) When a document is replaced by a duplicate, the original is marked as lost in the WPU database. The data of the duplicate document is entered into the database. 2) If a document that is marked as lost is sent to WPU for verification, it will be reported as lost and therefore not genuine.Consolidated Grade Card",Duplicate Grade Card,"एक बार जब आप खोए हुए दस्तावेज़ के स्थान पर डुप्लीकेट प्राप्त कर लेते हैं, तो हमेशा डुप्लीकेट दस्तावेज़ का उपयोग करें। यदि मूल दस्तावेज़ मिल जाता है, तो उसे WPU को लौटा दें। निम्नलिखित कारणों से डुप्लिकेट द्वारा प्रतिस्थापित किए जाने के बाद पाए गए मूल दस्तावेज़ का उपयोग न करें: 1) जब किसी दस्तावेज़ को डुप्लिकेट द्वारा प्रतिस्थापित किया जाता है, तो मूल को WPU डेटाबेस में खो जाने के रूप में चिह्नित किया जाता है। डुप्लिकेट दस्तावेज़ का डेटा डेटाबेस में दर्ज किया गया है। 2) यदि कोई दस्तावेज़ जिसे खोया हुआ के रूप में चिह्नित किया गया है, सत्यापन के लिए WPU को भेजा जाता है, तो इसे खो जाने के रूप में रिपोर्ट किया जाएगा और इसलिए वास्तविक नहीं है। समेकित ग्रेड कार्ड","एकदा हरवलेल्या दस्तऐवजाच्या जागी तुम्हाला डुप्लिकेट मिळाले की, नेहमी डुप्लिकेट दस्तऐवज वापरा. मूळ दस्तऐवज आढळल्यास, ते WPU वर परत करा. खालील कारणांमुळे डुप्लिकेटने बदलल्यानंतर सापडलेला मूळ दस्तऐवज वापरू नका: 1) जेव्हा एखादा दस्तऐवज डुप्लिकेटने बदलला जातो, तेव्हा मूळ दस्तऐवज WPU डेटाबेसमध्ये हरवला म्हणून चिन्हांकित केला जातो. डुप्लिकेट दस्तऐवजाचा डेटा डेटाबेसमध्ये प्रविष्ट केला जातो. 2) हरवले म्हणून चिन्हांकित केलेले दस्तऐवज WPU कडे पडताळणीसाठी पाठवले असल्यास, ते हरवले म्हणून नोंदवले जाईल आणि म्हणून अस्सल नाही. एकत्रित ग्रेड कार्ड"
43,42,Can I get backlog and regular result on a single grade card?," Yes, you can apply for a consolidated grade card.",Consolidated grade card,"हां, आप समेकित ग्रेड कार्ड के लिए आवेदन कर सकते हैं।","होय, तुम्ही एकत्रित ग्रेड कार्डसाठी अर्ज करू शकता."
44,43,What is a consolidated grade card?," A consolidated grade card will show consolidated result of a trimester (Regular & cleared backlog together).It shows revised GPA for that trimester. However, note that CGPA is not mentioned.",Consolidated grade card,"एक समेकित ग्रेड कार्ड एक तिमाही का समेकित परिणाम दिखाएगा (नियमित और समाशोधित बैकलॉग एक साथ)। यह उस तिमाही के लिए संशोधित जीपीए दिखाता है। हालांकि, ध्यान दें कि सीजीपीए का उल्लेख नहीं किया गया है।","एकत्रित ग्रेड कार्ड त्रैमासिकाचा एकत्रित परिणाम दर्शवेल (नियमित आणि एकत्रित अनुशेष साफ केला जाईल). ते त्या तिमाहीसाठी सुधारित GPA दर्शवेल. तथापि, लक्षात घ्या की CGPA चा उल्लेख नाही."
45,44,How is a Consolidated Grade Card different from a transcript?,Consolidated grade card shows revised result of only one trimester with revised GPA where as a transcript is a document that includes updated results of all trimesters with revised GPA and CGPA trimester wise.,Consolidated grade card,"समेकित ग्रेड कार्ड संशोधित जीपीए के साथ केवल एक तिमाही का संशोधित परिणाम दिखाता है, जहां एक प्रतिलेख एक दस्तावेज है जिसमें संशोधित जीपीए और सीजीपीए तिमाही के अनुसार सभी तिमाही के अद्यतन परिणाम शामिल हैं।",एकत्रित ग्रेड कार्ड सुधारित GPA सह केवळ एका तिमाहीचे सुधारित परिणाम दर्शविते जेथे प्रतिलिपी एक दस्तऐवज आहे ज्यामध्ये सुधारित GPA आणि CGPA त्रैमासिकानुसार सर्व त्रैमासिकांचे अद्यतनित परिणाम समाविष्ट आहेत.
46,45,How do I apply for a consolidated grade card?,You have to fill and submit application form for issuing of consolidated grade card which is available on the website (https://mitwpu.edu.in/images/documents/Application-for- Issue-of-Consolidated-Grade-Card.pdf )aIong with the necessary documents mentioned in the form and screenshot of payment to exam.helpdesk@mitwpu.edu.in,Consolidated grade card,आपको समेकित ग्रेड कार्ड जारी करने के लिए आवेदन पत्र भरना होगा और जमा करना होगा जो वेबसाइट पर उपलब्ध है (https://mitwpu.edu.in/images/documents/Application-for-issue-of-Consolved-Grade-Card.pdf )aIong फॉर्म में उल्लिखित आवश्यक दस्तावेजों के साथ और exam.helpdesk@mitwpu.edu.in पर भुगतान के स्क्रीनशॉट के साथ,तुम्हाला एकत्रित ग्रेड कार्ड जारी करण्यासाठी अर्ज भरावा लागेल आणि सबमिट करावा लागेल जो वेबसाइटवर उपलब्ध आहे (https://mitwpu.edu.in/images/documents/Application-for- Issue-of-Consolidated-Grade-Card.pdf Exam.helpdesk@mitwpu.edu.in वर फॉर्ममध्ये नमूद केलेल्या आवश्यक कागदपत्रांसह आणि पेमेंटचा स्क्रीनशॉट द्या
47,46,What documents are required while applying for the consolidated grade card?," Application form for consolidated grade card, scan copy of regular and backlog grade cards of trimester for which consolidated grade card is required.",Consolidated grade card,"समेकित ग्रेड कार्ड के लिए आवेदन पत्र, तिमाही के नियमित और बैकलॉग ग्रेड कार्ड की स्कैन कॉपी जिसके लिए समेकित ग्रेड कार्ड की आवश्यकता है।","एकत्रित ग्रेड कार्डसाठी अर्ज, त्रैमासिकाच्या नियमित आणि बॅकलॉग ग्रेड कार्डची स्कॅन कॉपी ज्यासाठी एकत्रित ग्रेड कार्ड आवश्यक आहे."
48,47,What are the charges for obtaining a consolidated grade card?,Processing fee for one consolidated grade card is Rs.200/-,Consolidated grade card,एक समेकित ग्रेड कार्ड के लिए प्रसंस्करण शुल्क 200/- रुपये है।,एका एकत्रित ग्रेड कार्डसाठी प्रक्रिया शुल्क रु. 200/- आहे.
49,48,What is the mode of payment for consolidated grade card?,You  must  pay  online.  Payment  details  are  mentioned  on  website (https://mitwpu.edu.in/examination).   Send   the   screenshot   of   payment   to exam.helpdesk@mitwpu.edu.in.Q When and how will I receive the consolidated grade card?,Consolidated grade card,आपको ऑनलाइन भुगतान करना होगा। भुगतान विवरण वेबसाइट (https://mitwpu.edu.in/examination) पर उल्लिखित हैं। भुगतान का स्क्रीनशॉट exam.helpdesk@mitwpu.edu.in.Q पर भेजें। मुझे समेकित ग्रेड कार्ड कब और कैसे प्राप्त होगा?,तुम्हाला ऑनलाइन पेमेंट करावे लागेल. पेमेंट तपशील वेबसाइटवर नमूद केले आहेत (https://mitwpu.edu.in/examination). पेमेंटचा स्क्रीनशॉट exam.helpdesk@mitwpu.edu.in.Q वर पाठवा मला एकत्रित ग्रेड कार्ड कधी आणि कसे मिळेल?
50,49,I need to submit a Course completion certificate in my Company. What is theprocedure?,You     must     fill     the     student     assistance form.(https://mitwpu.edu.in/images/documents/Student-Assistant-Form.pdf)  and  mail  to exam.helpdesk@mitwDu.edu.in,Course completion certificate,आपको छात्र सहायता फॉर्म भरना होगा।(https://mitwpu.edu.in/images/documents/Student-Assistant-Form.pdf) और exam.helpdesk@mitwDu.edu.in पर मेल करें।,तुम्ही विद्यार्थी सहाय्यता फॉर्म भरला पाहिजे.(https://mitwpu.edu.in/images/documents/Student-Assistant-Form.pdf) आणि exam.helpdesk@mitwDu.edu.in वर मेल करा.
51,50,"In how many days, can I get the Certificate?",The course completion certificate will be issued after minimum 5 working days from date of application.,Course completion certificate,आवेदन की तिथि से न्यूनतम 5 कार्य दिवसों के बाद पाठ्यक्रम पूर्णता प्रमाणपत्र जारी किया जाएगा।,अभ्यासक्रम पूर्ण झाल्याचे प्रमाणपत्र अर्ज केल्याच्या तारखेपासून किमान 5 कामकाजाच्या दिवसांनंतर जारी केले जाईल.
52,51,Will I get a soft copy/hard copy of the Certificate?," The soft copy of the Certificate will be provided, only if required. You must collect the hard copy from Department of Examination within a week after it is ready.Bonafide Certificate",Course completion certificate,आवश्यकता पड़ने पर ही प्रमाण पत्र की सॉफ्ट कॉपी प्रदान की जाएगी। तैयार होने के एक सप्ताह के भीतर आपको परीक्षा विभाग से हार्ड कॉपी प्राप्त करनी होगी। प्रामाणिक प्रमाण पत्र,प्रमाणपत्राची सॉफ्ट कॉपी आवश्यक असल्यासच दिली जाईल. तयार झाल्यानंतर एका आठवड्याच्या आत तुम्ही परीक्षा विभागाकडून हार्ड कॉपी गोळा करणे आवश्यक आहे. बोनाफाईड प्रमाणपत्र
53,52,I require a Bonafide certificate. What is the procedure to obtain it ?,You    should    fill    the    student    assistance    form (https://mitwpu.edu.in/images/documents/Student-Assistant-Form.pdf)   and   mail   to exam.helpdesk@mitwpu.edu.in,Bonafide certificate,आपको छात्र सहायता फॉर्म (https://mitwpu.edu.in/images/documents/Student-Assistant-Form.pdf) भरना चाहिए और exam.helpdesk@mitwpu.edu.in पर मेल करना चाहिए।,तुम्ही विद्यार्थी सहाय्यता फॉर्म (https://mitwpu.edu.in/images/documents/Student-Assistant-Form.pdf) भरा आणि exam.helpdesk@mitwpu.edu.in वर मेल करा.
54,53,"In how many days, can I get the Bonafide Certificate?",Processing of Bonafide certificate requires minimum 5 working days from date of application.,Bonafide certificate,बोनाफाइड प्रमाण पत्र के प्रसंस्करण के लिए आवेदन की तारीख से न्यूनतम 5 कार्य दिवसों की आवश्यकता होती है।,बोनाफाईड प्रमाणपत्रावर प्रक्रिया करण्यासाठी अर्ज केल्याच्या तारखेपासून किमान 5 कामकाजाचे दिवस आवश्यक आहेत.
55,54,Will I get a soft copy/hard copy of the Bonafide Certificate?," The soft copy of Bonafide certificate will be provided, only if required. You must collect the hard copy from Department of Examination within a week after it is ready.Medium of Instruction Certificate",Bonafide certificate,बोनाफाइड सर्टिफिकेट की सॉफ्ट कॉपी जरूरत पड़ने पर ही उपलब्ध कराई जाएगी। आपको इसकी हार्ड कॉपी परीक्षा विभाग से तैयार होने के एक सप्ताह के भीतर प्राप्त करनी होगी। निर्देश प्रमाण पत्र का माध्यम,आवश्यक असल्यासच बोनाफाईड प्रमाणपत्राची सॉफ्ट कॉपी प्रदान केली जाईल. तयार झाल्यानंतर एका आठवड्याच्या आत तुम्ही परीक्षा विभागाकडून हार्ड कॉपी गोळा करणे आवश्यक आहे. शिक्षणाचे माध्यम
56,55,I require a letter stating that medium of instruction for my course was English. What is the procedure?,You can apply for â€˜Medium of Instructionâ€™ Certificate.. Fill student assistance form and mail to exam.helpdesk@mitwpu.edu.in. Student assistance form is available on the website.(https://mitwpu.edu.in/images/documents/Student-Assistant-Form.pdf),Medium of Instruction Certificate,"आप ""निर्देश का माध्यम"" प्रमाणपत्र के लिए आवेदन कर सकते हैं। छात्र सहायता फॉर्म भरें और exam.helpdesk@mitwpu.edu.in पर मेल करें। छात्र सहायता प्रपत्र वेबसाइट पर उपलब्ध है।(https://mitwpu.edu.in/images/documents/Student-Assistant-Form.pdf)",तुम्ही 'शिक्षणाचे माध्यम' प्रमाणपत्रासाठी अर्ज करू शकता. विद्यार्थी सहाय्य फॉर्म भरा आणि exam.helpdesk@mitwpu.edu.in वर मेल करा. विद्यार्थी सहाय्य फॉर्म वेबसाइटवर उपलब्ध आहे.(https://mitwpu.edu.in/images/documents/Student-Assistant-Form.pdf)
57,56,"In how many days, can I get the â€˜Medium of Instructionâ€™ Certificate?",Letter of â€˜Medium of Instructionâ€™ will be issued after minimum 5 working days from date of application.,Medium of Instruction,"आवेदन की तारीख से न्यूनतम 5 कार्य दिवसों के बाद ""निर्देश का माध्यम"" पत्र जारी किया जाएगा।","अर्ज केल्याच्या तारखेपासून किमान 5 कामकाजाच्या दिवसांनंतर ""शिक्षणाचे माध्यम"" चे पत्र जारी केले जाईल."
58,57,Will I get a soft copy/hard copy of the Medium of Instruction Certificate?," Soft copy will be provided, if required. You must collect the hard copy from Department of Examination within a week after it is ready.Equivalent Percentage Certificate",Medium of Instruction,यदि आवश्यक हो तो सॉफ्ट कॉपी प्रदान की जाएगी। परीक्षा विभाग के तैयार होने के एक सप्ताह के भीतर आपको हार्ड कॉपी प्राप्त करनी होगी। समकक्ष प्रतिशत प्रमाण पत्र,"आवश्यक असल्यास, सॉफ्ट कॉपी प्रदान केली जाईल. तयार झाल्यानंतर एका आठवड्याच्या आत तुम्ही परीक्षा विभागाकडून हार्ड कॉपी गोळा करणे आवश्यक आहे. समतुल्य टक्केवारी प्रमाणपत्र"
59,58,How do I apply for Equivalent Percentage Certificate?,The  Certificate  for  Equivalent  Percentage  is  available  on  website (https://mitwpu.edu.in/images/documents/EQUIVALENT-PERCENTAGE-CONVERSION- CERTIFICATE.pdf) Fill it correctly and neatly and mail it to exam.helpdesk@mitwpu.edu.in along with scan copy of recent trimester grade card.,Equivalent Percentage Certificate,समतुल्य प्रतिशत का प्रमाणपत्र वेबसाइट पर उपलब्ध है (https://mitwpu.edu.in/images/documents/EQUIVALENT-PERCENTAGE-CONVERSION- CERTIFICATE.pdf) इसे सही ढंग से और साफ-सुथरा भरें और इसे exam.helpdesk@mitwpu.edu पर मेल करें। .in हाल के ट्राइमेस्टर ग्रेड कार्ड की स्कैन कॉपी के साथ।,समतुल्य टक्केवारीचे प्रमाणपत्र वेबसाइटवर उपलब्ध आहे (https://mitwpu.edu.in/images/documents/EQUIVALENT-PERCENTAGE-CONVERSION- CERTIFICATE.pdf) ते योग्य आणि सुबकपणे भरा आणि exam.helpdesk@mitwpu.edu वर मेल करा. .in अलीकडील तिमाही ग्रेड कार्डच्या स्कॅन कॉपीसह.
60,59,"In how many days, can I get the Equivalent Percentage Certificate?",Equivalent Percentage Certificate will be issued after minimum 5 working days from date of application.,Equivalent Percentage Certificate,आवेदन की तिथि से न्यूनतम 5 कार्य दिवसों के बाद समकक्ष प्रतिशत प्रमाण पत्र जारी किया जाएगा।,समतुल्य टक्केवारी प्रमाणपत्र अर्जाच्या तारखेपासून किमान 5 कामकाजाच्या दिवसांनंतर जारी केले जाईल.
61,60,Will I get a soft copy/hard copy of the Equivalent Percentage Certificate?," Soft copy of Equivalent Percentage Certificate will be provided, if required. You must collect the hard copy from Department of Examination within a week after it is ready.Trimester to Semester Conversion CertificateQ.I require trimester to semester marksheet conversion certificate? What is the procedure?",Equivalent Percentage Certificate,यदि आवश्यक हो तो समकक्ष प्रतिशत प्रमाण पत्र की सॉफ्ट कॉपी प्रदान की जाएगी। परीक्षा के तैयार होने के एक सप्ताह के भीतर आपको उसकी हार्ड कॉपी परीक्षा विभाग से प्राप्त करनी होगी। त्रैमासिक से सेमेस्टर रूपांतरण प्रमाणपत्र प्रश्न। मुझे तिमाही से सेमेस्टर मार्कशीट रूपांतरण प्रमाणपत्र की आवश्यकता है? प्रक्रिया क्या है?,"आवश्यक असल्यास, समतुल्य टक्केवारी प्रमाणपत्राची सॉफ्ट कॉपी प्रदान केली जाईल. ते तयार झाल्यानंतर एका आठवड्याच्या आत तुम्ही परीक्षा विभागाकडून हार्ड कॉपी गोळा करणे आवश्यक आहे. त्रैमासिक ते सेमिस्टर रूपांतरण प्रमाणपत्रप्र. मला तिमाही ते सेमिस्टर मार्कशीट रूपांतरण प्रमाणपत्र आवश्यक आहे का? प्रक्रिया काय आहे?"
62,61,What documents are required for applying for a trimester to semester conversion certificate?," Documents required are scan copy of grade cards of the year for which conversion is required,  student  assistance  form  (https://mitwpu.edu.in/imapes/documents/Student- Assistant-Form.pdf and receipt of payment done for conversion certificate.",Trimester to semester conversion certificate,"आवश्यक दस्तावेज उस वर्ष के ग्रेड कार्ड की स्कैन कॉपी हैं जिसके लिए रूपांतरण की आवश्यकता है, छात्र सहायता प्रपत्र (https://mitwpu.edu.in/imapes/documents/Student- Assistant-Form.pdf और रूपांतरण प्रमाण पत्र के लिए किए गए भुगतान की रसीद) .","आवश्यक दस्तऐवज म्हणजे त्या वर्षाच्या ग्रेड कार्डची स्कॅन कॉपी ज्यासाठी रूपांतरण आवश्यक आहे, विद्यार्थी सहाय्य फॉर्म (https://mitwpu.edu.in/imapes/documents/Student- Assistant-Form.pdf आणि रूपांतरण प्रमाणपत्रासाठी केलेल्या पेमेंटची पावती ."
63,62,What are the charges for trimester to semester conversion certificate?,The processing charges for one trimester to semester conversion certificate are Rs.250/-,Trimester to semester conversion certificate,एक तिमाही से सेमेस्टर रूपांतरण प्रमाणपत्र के लिए प्रोसेसिंग शुल्क 250/- रुपये है।,एक त्रैमासिक ते सेमिस्टर रूपांतरण प्रमाणपत्रासाठी प्रक्रिया शुल्क रु. 250/- आहे.
64,63,What is the mode of payment for trimester to semester conversion certificate?,Do  online  payment.  The  payment  details  are  mentioned  on  the website.(https://mitwpu.edu.in/examination/contact).Mail  screenshot  of  payment  to exam.helpdesk@mitwpu.edu.in,Trimester to semester conversion certificate,ऑनलाइन पेमेंट करें। भुगतान विवरण वेबसाइट पर उल्लिखित हैं। (https://mitwpu.edu.in/examination/contact)। भुगतान का स्क्रीनशॉट exam.helpdesk@mitwpu.edu.in पर मेल करें,ऑनलाइन पेमेंट करा. पेमेंट तपशील वेबसाइटवर नमूद केले आहेत.(https://mitwpu.edu.in/examination/contact).पेमेंटचा स्क्रीनशॉट exam.helpdesk@mitwpu.edu.in वर मेल करा.
65,64,In how many days can I get the trimester to semester conversion certificate?,The processing of trimester to semester conversion certificate takes minimum 5 working days from date of application with all required documents.,Trimester to semester conversion certificate,सभी आवश्यक दस्तावेजों के साथ त्रैमासिक से सेमेस्टर रूपांतरण प्रमाण पत्र के प्रसंस्करण में आवेदन की तारीख से न्यूनतम 5 कार्य दिवस लगते हैं।,त्रैमासिक ते सेमिस्टर रूपांतरण प्रमाणपत्र प्रक्रियेस सर्व आवश्यक कागदपत्रांसह अर्ज केल्याच्या तारखेपासून किमान 5 कार्य दिवस लागतात.
66,65,From where do I collect the trimester to semester conversion certificate?,You should collect the trimester to semester conversion certificate from Department of Examination within a week after it is ready.Official Transcript,Trimester to semester conversion certificate,आपको परीक्षा विभाग से तिमाही से सेमेस्टर रूपांतरण प्रमाण पत्र तैयार होने के एक सप्ताह के भीतर प्राप्त करना चाहिए। आधिकारिक प्रतिलेख,तुम्ही परीक्षा विभागाकडून त्रैमासिक ते सेमिस्टर रूपांतरण प्रमाणपत्र तयार झाल्यानंतर एका आठवड्याच्या आत गोळा करावे. अधिकृत उतारा
67,66,What is an official transcript?,An official transcript is an authentic document that includes updated results of all trimesters declared till date of application and it is signed by the Controller of Examinations.,Transcript,एक आधिकारिक प्रतिलेख एक प्रामाणिक दस्तावेज है जिसमें आवेदन की तारीख तक घोषित सभी ट्राइमेस्टर के अद्यतन परिणाम शामिल होते हैं और यह परीक्षा नियंत्रक द्वारा हस्ताक्षरित होता है।,अधिकृत उतारा हा एक अस्सल दस्तऐवज आहे ज्यामध्ये अर्ज केल्याच्या तारखेपर्यंत घोषित केलेल्या सर्व त्रैमासिकांच्या अद्ययावत निकालांचा समावेश असतो आणि त्यावर परीक्षा नियंत्रकाची स्वाक्षरी असते.
68,67,What documents are required for applying for a transcript?," The documents required for applying for a transcript are scan copy of recent trimester grade card, application form for issuing of transcript which is available on the website (https://mitwpu.edu.in/images/documents/Application-for-Issue-of-Official-Transcript.pdf) and receipt of payment done for transcript processing.",Transcript,"प्रतिलेख के लिए आवेदन करने के लिए आवश्यक दस्तावेज हैं हाल के तिमाही ग्रेड कार्ड की स्कैन प्रति, प्रतिलेख जारी करने के लिए आवेदन पत्र जो वेबसाइट पर उपलब्ध है (https://mitwpu.edu.in/images/documents/Application-for-Issue- of-Official-Transcript.pdf) और ट्रांसक्रिप्ट प्रोसेसिंग के लिए किए गए भुगतान की रसीद।","उतार्‍यासाठी अर्ज करण्‍यासाठी आवश्‍यक कागदपत्रे म्हणजे अलीकडील तिमाही ग्रेड कार्डची स्कॅन प्रत, वेबसाइटवर (https://mitwpu.edu.in/images/documents/Application-for-Issue-) उपलब्ध असलेला उतारा जारी करण्यासाठीचा अर्ज. of-Official-Transcript.pdf) आणि ट्रान्सक्रिप्ट प्रक्रियेसाठी केलेल्या पेमेंटची पावती."
69,68,How do I apply for a transcript?,Send screenshot of payment for transcript along with the application form (https://mitwpu.edu.in/images/documents/Application-for-Issue-of-Official-Transcript.pdf) and scan copy of recent trimester grade card to exam.helpdesk@mitwpu.edu.in.,Transcript,आवेदन पत्र के साथ प्रतिलेख के लिए भुगतान का स्क्रीनशॉट भेजें (https://mitwpu.edu.in/images/documents/Application-for-Issue-of-Official-Transcript.pdf) और परीक्षा के लिए हाल के तिमाही ग्रेड कार्ड की स्कैन कॉपी .helpdesk@mitwpu.edu.in।,अर्जासोबत ट्रान्सक्रिप्टसाठी पेमेंटचा स्क्रीनशॉट पाठवा (https://mitwpu.edu.in/images/documents/Application-for-Issue-of-Official-Transcript.pdf) आणि परीक्षेसाठी अलीकडील तिमाही ग्रेड कार्डची स्कॅन कॉपी .helpdesk@mitwpu.edu.in.
70,69,What are the charges for applying for an official transcript?,The processing charges for transcript are Rs.200/- for one copy of transcript. If the transcript is to be sent on postal address then additional postal charges of Rs.100/- for each copy of transcript.,Transcript,प्रतिलेख के लिए प्रसंस्करण शुल्क प्रतिलेख की एक प्रति के लिए 200/- रुपये है। यदि प्रतिलेख डाक पते पर भेजा जाना है तो प्रतिलेख की प्रत्येक प्रति के लिए रु.100/- का अतिरिक्त डाक शुल्क।,प्रतिलिपीसाठी प्रक्रिया शुल्क प्रतिलिपीच्या एका प्रतीसाठी रु. 200/- आहे. जर उतारा पोस्टल पत्त्यावर पाठवायचा असेल तर प्रतिलिपीच्या प्रत्येक प्रतीसाठी रु. 100/- अतिरिक्त पोस्टल शुल्क.
71,70,What is the mode of payment for a transcript?,Do online payment for transcript. The payment details are mentioned on the website.(https://mitwpu.edu.in/examination/contact). Send the screenshot of payment to exam.helpdesk@mitwpu.edu.in,Transcript,प्रतिलेख के लिए ऑनलाइन भुगतान करें। भुगतान विवरण वेबसाइट पर उल्लिखित हैं। (https://mitwpu.edu.in/examination/contact)। भुगतान का स्क्रीनशॉट exam.helpdesk@mitwpu.edu.in पर भेजें,ट्रान्सक्रिप्टसाठी ऑनलाइन पेमेंट करा. पेमेंट तपशील वेबसाइटवर नमूद केले आहेत.(https://mitwpu.edu.in/examination/contact). पेमेंटचा स्क्रीनशॉट exam.helpdesk@mitwpu.edu.in वर पाठवा
72,71,In how many days can I receive the transcript after application?,Processing of transcript takes minimum 5 working days from date of application with all required documents.,Transcript,सभी आवश्यक दस्तावेजों के साथ प्रतिलेख के प्रसंस्करण में आवेदन की तारीख से न्यूनतम 5 कार्य दिवस लगते हैं।,सर्व आवश्यक कागदपत्रांसह उतार्‍यावर प्रक्रिया करण्यासाठी अर्ज केल्याच्या तारखेपासून किमान 5 कार्य दिवस लागतात.
73,72,Will I get a soft copy/hard copy of the transcript?," Soft copy of the transcript will be sent, only if required. You should collect the hard copy of the transcript from Department of Examination within 15 days, after it is ready. Bring your identity proof and payment receipt. If you have paid postal charges, then it will be sent by speed post at the address mentioned in application form. Transcripts are sent in a sealed envelope. (One Transcript per envelope)",Transcript,"आवश्यकता पड़ने पर ही प्रतिलेख की सॉफ्ट कॉपी भेजी जाएगी। आपको प्रतिलेख की हार्ड कॉपी तैयार होने के 15 दिनों के भीतर परीक्षा विभाग से प्राप्त करनी चाहिए। अपना पहचान प्रमाण और भुगतान रसीद लेकर आएं। यदि आपने डाक शुल्क का भुगतान किया है, तो इसे आवेदन पत्र में उल्लिखित पते पर स्पीड पोस्ट द्वारा भेजा जाएगा। टेप एक सीलबंद लिफाफे में भेजे जाते हैं। (प्रति लिफाफा एक प्रतिलेख)","प्रतिलिपीची सॉफ्ट कॉपी पाठवली जाईल, आवश्यक असल्यासच. तुम्ही उतार्‍याची हार्ड कॉपी तयार झाल्यानंतर १५ दिवसांच्या आत परीक्षा विभागाकडून गोळा करावी. तुमचा ओळख पुरावा आणि पेमेंट पावती आणा. जर तुम्ही पोस्टल शुल्क भरले असेल, तर ते स्पीड पोस्टने अर्जात नमूद केलेल्या पत्त्यावर पाठवले जाईल. प्रतिलिपी सीलबंद लिफाफ्यात पाठविली जातात. (प्रति लिफाफा एक उतारा)"
74,73,Why are transcripts sent in sealed and signed envelope?,This is done in order to assure the recipient of the document that the transcript is genuine.,Transcript,यह दस्तावेज़ के प्राप्तकर्ता को आश्वस्त करने के लिए किया जाता है कि प्रतिलेख वास्तविक है।,दस्तऐवजाच्या प्राप्तकर्त्याला उतारा अस्सल असल्याची खात्री देण्यासाठी हे केले जाते.
75,74,"I want the University to send the transcript to WES, Canada ? What is the procedure for it?",Postal charges to Canada Rs.1600/-. Do payment online .Payment details mentioned on website.(https://mitwpu.edu.in/examination/contact). Send duly filled WES form and WES reference number and send screenshot of payment to exam.helpdesk@mitwpu.edu.in.MITSOB Transcripts to WESQs. I am a student of MITSOB. I want a transcript. What is the procedure?,MITSOB Transripts to WES,कनाडा के लिए डाक शुल्क 1600/- रु. भुगतान ऑनलाइन करें। वेबसाइट पर उल्लिखित भुगतान विवरण। (https://mitwpu.edu.in/examination/contact)। विधिवत भरा हुआ WES फॉर्म और WES संदर्भ संख्या भेजें और भुगतान का स्क्रीनशॉट exam.helpdesk@mitwpu.edu.in.MITSOB पर WESQs को भेजें। मैं MITSOB का छात्र हूँ। मुझे एक प्रतिलेख चाहिए। प्रक्रिया क्या है?,कॅनडाला पोस्टल शुल्क रु. १६००/-. ऑनलाइन पेमेंट करा .पेमेंट तपशील वेबसाइटवर नमूद केले आहेत.(https://mitwpu.edu.in/examination/contact). योग्यरित्या भरलेला WES फॉर्म आणि WES संदर्भ क्रमांक पाठवा आणि exam.helpdesk@mitwpu.edu.in.MITSOB प्रतिलेख WESQs वर पेमेंटचा स्क्रीनशॉट पाठवा. मी MITSOB चा विद्यार्थी आहे. मला एक उतारा हवा आहे. प्रक्रिया काय आहे?
76,75,What are the charges for transcript?,Processing  charges  for  MITSOB  transcript  differ  batchwise.  Send  mail  to exam.helpdesk@mitwpu.edu.in and mention your Batch and PR No. We will convey the charges accordingly,MITSOB Transripts to WES,MITSOB प्रतिलेख के लिए प्रसंस्करण शुल्क बैच के अनुसार भिन्न होता है। exam.helpdesk@mitwpu.edu.in पर मेल भेजें और अपने बैच और पीआर नंबर का उल्लेख करें। हम तदनुसार शुल्क बताएंगे,MITSOB ट्रान्सक्रिप्टसाठी प्रक्रिया शुल्क बॅचनुसार भिन्न आहे. exam.helpdesk@mitwpu.edu.in वर मेल पाठवा आणि तुमची बॅच आणि पीआर क्रमांक नमूद करा. आम्ही त्यानुसार शुल्क कळवू
77,76,How should I do the payment for MITSOB transcript?,You must pay online for the transcript. Payment details are mentioned on website (https://mitwpu.edu.in/examination).   Send   the   screenshot   of   payment   to exam.helpdesk@mitwpu.edu.in.,MITSOB Transripts to WES,आपको प्रतिलेख के लिए ऑनलाइन भुगतान करना होगा। भुगतान विवरण वेबसाइट (https://mitwpu.edu.in/examination) पर उल्लिखित हैं। भुगतान का स्क्रीनशॉट exam.helpdesk@mitwpu.edu.in पर भेजें।,तुम्हाला ट्रान्सक्रिप्टसाठी ऑनलाइन पैसे भरावे लागतील. पेमेंट तपशील वेबसाइटवर नमूद केले आहेत (https://mitwpu.edu.in/examination). पेमेंटचा स्क्रीनशॉट exam.helpdesk@mitwpu.edu.in वर पाठवा.
78,77,"I want the University to send the transcript to WES, Canada ? What is theprocedure?",The postal charges to Canada Rs.1600/-. Do payment online .Payment details are mentioned on the website. Send duly filled WES form and reference number and send the screenshot of payment to exam.helpdesk@mitwpu.edu.in.,MITSOB Transripts to WES,कनाडा के लिए डाक शुल्क 1600/- रु. ऑनलाइन भुगतान करें। वेबसाइट पर भुगतान विवरण का उल्लेख किया गया है। विधिवत भरा हुआ WES फॉर्म और संदर्भ संख्या भेजें और भुगतान का स्क्रीनशॉट exam.helpdesk@mitwpu.edu.in पर भेजें।,कॅनडाला टपाल शुल्क रु. १६००/-. ऑनलाइन पेमेंट करा .पेमेंट तपशील वेबसाइटवर नमूद केले आहेत. योग्यरित्या भरलेला WES फॉर्म आणि संदर्भ क्रमांक पाठवा आणि पेमेंटचा स्क्रीनशॉट exam.helpdesk@mitwpu.edu.in वर पाठवा.
79,78,How much time will it take to process the transcript?,Transcript processing takes 8 days after receipt of application with all required documents,MITSOB Transripts to WES,सभी आवश्यक दस्तावेजों के साथ आवेदन प्राप्त होने के बाद ट्रांसक्रिप्ट प्रोसेसिंग में 8 दिन लगते हैं,सर्व आवश्यक कागदपत्रांसह अर्ज मिळाल्यानंतर ट्रान्सक्रिप्ट प्रक्रियेस 8 दिवस लागतात
80,79,How do I collect the MITSOB transcript?,Transcript can be collected from Department of Examination or it can be sent at your postal address.,MITSOB Transripts to WES,प्रतिलेख परीक्षा विभाग से प्राप्त किया जा सकता है या इसे आपके डाक पते पर भेजा जा सकता है।,परीक्षा विभागाकडून उतारा गोळा केला जाऊ शकतो किंवा तो तुमच्या पोस्टल पत्त्यावर पाठवला जाऊ शकतो.
81,80,What are the postal charges for MITSOB transcript? How do I do the payment ?,Postal charges (within India only ) for MITSOB transcript are Rs.500/- .You must do online payment. The payment details are mentioned on the website. Send screenshot of payment to exam.helpdesk@mitwpu.edu.inREFUND QUERIES,MITSOB Transripts to WES,MITSOB प्रतिलेख के लिए डाक शुल्क (केवल भारत के भीतर) रु.500/- है। आपको ऑनलाइन भुगतान करना होगा। भुगतान विवरण वेबसाइट पर उल्लिखित हैं। भुगतान का स्क्रीनशॉट exam.helpdesk@mitwpu.edu.inREFUND QUERIES पर भेजें,MITSOB उतार्‍यासाठी पोस्टल शुल्क (फक्त भारतामध्ये) रु. 500/- आहेत .तुम्ही ऑनलाइन पेमेंट करणे आवश्यक आहे. पेमेंट तपशील वेबसाइटवर नमूद केले आहेत. पेमेंटचा स्क्रीनशॉट exam.helpdesk@mitwpu.edu.inREFUND QUERIES वर पाठवा
82,81,I have paid exam fees twice. How do I apply for refund of the exam fees?," Send an application to exam.helpdesk@mitwpu.edu.in along with Bank Details (Name, Bank Name, Branch, Account number, IFSC code) and transaction details as well as screenshots of a cancelled cheque .",Refund Queries,"बैंक विवरण (नाम, बैंक का नाम, शाखा, खाता संख्या, IFSC कोड) और लेनदेन विवरण के साथ-साथ रद्द किए गए चेक के स्क्रीनशॉट के साथ exam.helpdesk@mitwpu.edu.in पर एक आवेदन भेजें।","परीक्षा.helpdesk@mitwpu.edu.in वर बँक तपशील (नाव, बँकेचे नाव, शाखा, खाते क्रमांक, IFSC कोड) आणि व्यवहार तपशील तसेच रद्द केलेल्या धनादेशाच्या स्क्रीनशॉटसह अर्ज पाठवा."
83,82,I have done excess payment for transcript. How can I get refund?," Send an application to exam.helpdesk@mitwpu.edu.in along with Bank Details (Name, Bank Name. Branch, Account number, IFSC code) and screenshots of cancelled cheque and transaction details.Degree Certificate",Refund Queries,"बैंक विवरण (नाम, बैंक का नाम। शाखा, खाता संख्या, IFSC कोड) और रद्द किए गए चेक और लेनदेन विवरण के स्क्रीनशॉट के साथ exam.helpdesk@mitwpu.edu.in पर एक आवेदन भेजें। डिग्री प्रमाण पत्र","बँक तपशील (नाव, बँकेचे नाव. शाखा, खाते क्रमांक, IFSC कोड) आणि रद्द केलेल्या चेकचे स्क्रीनशॉट आणि व्यवहार तपशीलांसह exam.helpdesk@mitwpu.edu.in वर अर्ज पाठवा. पदवी प्रमाणपत्र"
84,83,Is it compulsory to register for the Convocation ?," Yes, it is compulsory to register for Convocation as per instructions and payment of registration fees.",Degree Certificate,"हां, दीक्षांत समारोह के लिए पंजीकरण शुल्क के भुगतान और निर्देशों के अनुसार पंजीकरण करना अनिवार्य है।","होय, दीक्षांत समारंभासाठी सूचनांनुसार नोंदणी करणे आणि नोंदणी शुल्क भरणे अनिवार्य आहे."
85,84,"Can I collect my Degree Certificate, in person? From where should I collect it ?"," Yes, you may collect your Degree Certificate from Department of Examination.",Degree Certificate,"हां, आप परीक्षा विभाग से डिग्री प्रमाणपत्र प्राप्त कर सकते हैं।","होय, तुम्ही परीक्षा विभागाकडून तुमचे पदवी प्रमाणपत्र गोळा करू शकता."
86,85,Can any of my family member collect Degree Certificate on my behalf?," Yes, that is permissible, provided you send authority letter 2 days in advance to Department of Examination via mail to exam.helpdesk@mitwpu.edu.inwith attachment of identity proof of person who will be collecting your Degree on your behalf. Inform concerned person to bring his or her original identity proof.",Degree Certificate,"हां, इसकी अनुमति है, बशर्ते आप परीक्षा विभाग को 2 दिन पहले परीक्षा विभाग को ईमेल के माध्यम से exam.helpdesk@mitwpu.edu.in पर उस व्यक्ति के पहचान प्रमाण के साथ भेजें जो आपकी ओर से आपकी डिग्री एकत्र करेगा। संबंधित व्यक्ति को अपना मूल पहचान पत्र लाने के लिए सूचित करें।","होय, ते अनुज्ञेय आहे, जर तुम्ही तुमच्या वतीने तुमची पदवी गोळा करणार असलेल्या व्यक्तीच्या ओळखीचा पुरावा जोडून परीक्षा विभागाला 2 दिवस अगोदर examination.helpdesk@mitwpu.edu.in वर मेलद्वारे अधिकृत पत्र पाठवले असेल. संबंधित व्यक्तीला त्याचा मूळ ओळखीचा पुरावा आणण्यासाठी कळवा."
87,86,"I have registered and attended Convocation. However, due to some documents pending from my end, I had not received my Degree Certificate? How do I proceed?"," At first, you must complete the formalities related to issues pending at your end. Then fill student assistance form (https://mitwDu.edu.in/images/documents/Student-Assistant- Form.pdf) and get clearance (No Dues) remark from the student section on it and then submit the assistant form at Department of Examination.Attestation of Grade Cards",Degree Certificate,"सबसे पहले, आपको अपनी ओर से लंबित मुद्दों से संबंधित औपचारिकताओं को पूरा करना होगा। फिर छात्र सहायता फॉर्म भरें (https://mitwDu.edu.in/images/documents/Student-Assistant- Form.pdf) और उस पर छात्र अनुभाग से निकासी (कोई बकाया नहीं) टिप्पणी प्राप्त करें और फिर विभाग में सहायक फॉर्म जमा करें परीक्षा का। ग्रेड कार्ड का सत्यापन","प्रथम, आपण आपल्या शेवटी प्रलंबित समस्यांशी संबंधित औपचारिकता पूर्ण करणे आवश्यक आहे. नंतर विद्यार्थी सहाय्य फॉर्म भरा (https://mitwDu.edu.in/images/documents/Student-Assistant- Form.pdf) आणि त्यावर विद्यार्थी विभागाकडून मंजुरी (देय नाही) टिप्पणी मिळवा आणि नंतर सहाय्यक फॉर्म विभागात सबमिट करा. परीक्षा. ग्रेड कार्डचे प्रमाणीकरण"
88,87,I need a set of grade cards attested? How do I proceed?,You    have    to    fill    the    student    assistance    form (https://mitwpu.edu.in/imapes/documents/Student-Assistant-Form.pdf)  and  bring  xerox copies of your grade cards for attestation along with original grade cards for verification,Attestation of Grade Cards,आपको छात्र सहायता फॉर्म भरना होगा (https://mitwpu.edu.in/imapes/documents/Student-Assistant-Form.pdf) और सत्यापन के लिए मूल ग्रेड कार्ड के साथ सत्यापन के लिए अपने ग्रेड कार्ड की ज़ेरॉक्स प्रतियां लाना होगा।,तुम्हाला विद्यार्थी सहाय्यता फॉर्म (https://mitwpu.edu.in/imapes/documents/Student-Assistant-Form.pdf) भरावा लागेल आणि पडताळणीसाठी मूळ ग्रेड कार्डांसह तुमच्या ग्रेड कार्डच्या झेरॉक्स प्रती आणाव्या लागतील.
89,88,Can I get my result on ERP attested?,No. Results on ERP will not be attested.,Attestation of Grade Cards,नहीं। ईआरपी पर परिणाम सत्यापित नहीं होंगे।,नाही. ERP वरील परिणाम प्रमाणित केले जाणार नाहीत.
90,89,In how many days can I get it attested?,You will get the grade cards attested in 2 working days.,Attestation of Grade Cards,आपको 2 कार्य दिवसों में ग्रेड कार्ड सत्यापित मिल जाएंगे।,तुम्हाला 2 कामकाजाच्या दिवसांत ग्रेड कार्डे प्रमाणित केली जातील.
